address,auxo,prv,prv_staker,arv_locked,total,share,reward_share
0x0a188f038a186ffb9a45a6293977d680b3d258c4,2335596218896884581843,0,0,0,2335596218896884581843,0.00749523653604053577931942961982406690828108,653734530673455530
0x817393862c0965b80b24cad89abc33a3951236ad,38147477751317009128,0,0,0,38147477751317009128,0.000122420291095739321447064802778046182140167,10677497789370383
0x25a8ef415e516ff264411421e4f3756d777ce459,3548985491292936694,0,0,0,3548985491292936694,0.0000113891628634251476202646736492541187759380,993362784947941
0x6f46abc204adc0491bbe88c93a6f1d795686a05e,1717461243131671224,0,0,0,1717461243131671224,0.00000551155981269484434012489049151130065058206,480718246863244
0x9b954886b1047041ed8f4b1a5bc3694fdec2949d,1471310219957022245,0,0,0,1471310219957022245,0.00000472162869045926594029742182556366613970324,411820454381857
0x36a017ef1f7c5ed5843b446ce0fa95448ad4d475,1306562541811580519,0,0,0,1306562541811580519,0.00000419293164664970900298608197032340134743963,365707498220787
0x1ac408ecdd56b13b59cd116315cc9bedc1db3bc4,1092153976966001453,0,0,0,1092153976966001453,0.00000350486626280111887063339919267822123643103,305694435441513
0xdde9249b79ae81abfbd9a46ea320b8e1650b52b6,1037147643475138241,0,0,0,1037147643475138241,0.00000332834367847827180001443665947530151831570,290298135636874
0x35ceb8027b95de1d5aaa7d9771bf0c4ec33b67af,1028947808557859815,0,0,0,1028947808557859815,0.00000330202932595268244496391722587754038835632,288002997809592
0xf2d79f05c90befafde54a39dee8dfed8648de04e,983880944087793450,0,0,0,983880944087793450,0.00000315740380960364196111306019418557732177620,275388760273629
0x2f63dafab5b3d06cbf1af31fcfcfaf26ae07f9d6,967681881899496566,0,0,0,967681881899496566,0.00000310541888096702131506977796494137110755179,270854634797943
0x4038a44b34dc6974b2d609715c00da7df845c4f9,967220301377483200,0,0,0,967220301377483200,0.00000310393760814900260011665478792250553500934,270725438182756
0x9008d19f58aabd9ed0d60971565aa8510560ab41,949927936623953351,0,0,0,949927936623953351,0.00000304844412727823280882598814532700850371660,265885296781207
0x457842b4fe9e58bf72faef150743a6be02bfd9f6,949728595669536992,0,0,0,949728595669536992,0.00000304780441584498842700428218279033536785690,265829501149999
0xbc600a46753caab9d362fb372be3ae34281ed999,945784918843936542,0,0,0,945784918843936542,0.00000303514863639543201419627075426718014443663,264725664066409
0xdd37e2feb498638354b372dcfa4225aec175a155,941870750541151335,0,0,0,941870750541151335,0.00000302258755369034706508208345528250755666232,263630086432872
0x70cad98fc1c4af04dd92e5e7e17c5531e00afd14,885885921736154261,0,0,0,885885921736154261,0.00000284292484875525456995667888626323611909534,247959905308433
0xb45a2dda996c32e93b8c47098e90ed0e7ab18e39,860834877397987704,0,0,0,860834877397987704,0.00000276253274104835001160182578469648393568791,240948105674237
0x509076dfd28bc819860cb696a38bbe89324d1c11,860572380678779158,0,0,0,860572380678779158,0.00000276169035443011344108779041624254418466378,240874632713394
0x109c7953ee8540503abbdc38ed75893f740f1716,849154635266836441,0,0,0,849154635266836441,0.00000272504930240305477431430443000055527400515,237678800155594
0xb00c22f7df5ef12c3108a2c95f8133d208045852,821703315970471536,0,0,0,821703315970471536,0.00000263695439554890356380364830906681225362204,229995162379775
0x4374b88d8f2ea2c67b768ed404becdac6868a0ef,790805903002837669,0,0,0,790805903002837669,0.00000253780051926222239858715736036980190722341,221346961290051
0x5d3e6e1b96efd3cbb75f2a911b88c60ccda616b6,763628742589954720,0,0,0,763628742589954720,0.00000245058542445072151013485406384795845427397,213740060720591
0xe1e1f32f5d86e4bcf91c375e09d02225a76c8d21,750506282588750299,0,0,0,750506282588750299,0.00000240847371830563621719830230406605773483161,210067077710617
0x93f59368682aa778ccf34a2d89a175ab98a48cec,725416445924701879,0,0,0,725416445924701879,0.00000232795712090487307871815475107810857327468,203044420085323
0xfc8bcf483029f585b8c2425644ce83c09413c8ba,709073640395459702,0,0,0,709073640395459702,0.00000227551090091482895897897992119061449673929,198470060777791
0xa1ad9751882466b98725433c57790233fbb6ff53,701740589724383922,0,0,0,701740589724383922,0.00000225197817344002465821110897814651378028625,196417536287438
0xb1a42d5f83e9b700592ba55d5116b2a46cb64b58,700302315150536150,0,0,0,700302315150536150,0.00000224736256049822365367888306626136342556164,196014962526655
0xa0dd51fd636afc3ff8180ee60bc9c4ab9c983744,689915344226023603,0,0,0,689915344226023603,0.00000221402939985071776429523845644605078414189,193107644254979
0x382680f87cb83bda5d1b7973b8c274c9b216538d,681367745353189222,0,0,0,681367745353189222,0.00000218659902689124019617896491709299409683943,190715167125453
0xc4c07d6e666699ccbc2f93fc9a525d271651821a,649673440313109029,0,0,0,649673440313109029,0.00000208488781876425411885838562274267435999182,181843915552618
0x769bdbf85fe63e60460cb1e3399889856d72e7b2,644423233311231312,0,0,0,644423233311231312,0.00000206803921153331945639948110568011287732023,180374380029936
0x03da6b5a21e3f3bf9c508ae7e97510887e1aeabb,644066316296957129,0,0,0,644066316296957129,0.00000206689381772591474180318596950349359381918,180274478782054
0xba0b6ef6736eba5ffae42484839c7a5ccc184ee7,608972387480085697,0,0,0,608972387480085697,0.00000195427276819122480030047548417946100839120,170451670841638
0xe26cd9c267b002c9dfbd3e933145f09fe2c36968,602814646813033332,0,0,0,602814646813033332,0.00000193451176564560834396955078748589143458786,168728116199609
0x640c02695ce18b9298a067803718ab10416c5ae4,581339507146831365,0,0,0,581339507146831365,0.00000186559520800590071666636202113196219562826,162717214042274
0x44203fe5083a8ed45eaedae6b224adce4f8e8b57,559701956834982176,0,0,0,559701956834982176,0.00000179615745316812949093498336114798450856028,156660853065324
0xbd9a4eaafd01ba320d29609db2f32a67e45413c2,556006141948173075,0,0,0,556006141948173075,0.00000178429709539484219107210606223272355760720,155626392660338
0xbdee674cf5d0f211a2bba2ab9328faee3f65020c,549069487436554112,0,0,0,549069487436554112,0.00000176203645551508894941207003618466742803736,153684819650026
0x502c4b31e10c7fd8056caa431e396efb691433df,548182779776537963,0,0,0,548182779776537963,0.00000175919089359973397724869003191315634219423,153436629739768
0xf8511df3550070fb5778b37785a22cf12b3db7dc,544566787978099138,0,0,0,544566787978099138,0.00000174758669865267999875412499977632383626402,152424511856486
0x358d169cba881c03e5754baf97873d5e32100fcb,520502185552508543,0,0,0,520502185552508543,0.00000167036021324127354717889871382424452398434,145688817798903
0x2930082c77d566fbc8096b1b9ebeea48cfbdd616,512098873195233540,0,0,0,512098873195233540,0.00000164339287475424833287534391425754203763775,143336726536065
0xe16d6bc89dea7846b50726ccb924d6d0b0331413,486549586609555509,0,0,0,486549586609555509,0.00000156140184191331065358589815043113691642010,136185468651678
0x3f4d24e85a7b92e37e49bc2adff40fb320d3fccd,478118867346066584,0,0,0,478118867346066584,0.00000153434655104687482086973616001447798946220,133825706182308
0xc888d837a353d56c7c0284faa19b41b90717f210,471456057457491100,0,0,0,471456057457491100,0.00000151296471470654636623749669052763399102117,131960782416704
0x18a75c982c7b2e77627dcbaa4b797875b7a6811c,459474781144160366,0,0,0,459474781144160366,0.00000147451521763787590712109494058074941803567,128607217282375
0x49a6c52a523f7cc05b61550f3f19e97d0a262c39,415727010906556840,0,0,0,415727010906556840,0.00000133412284878481204756788249979491386879109,116362194871011
0x703280db7651148c787c30e9a28feac0a4a61288,398541837447849066,0,0,0,398541837447849066,0.00000127897335892704165693224481397150715079898,111552056365616
0x47bf020becb4e0403e38c95ec96c4e835f44b347,387037022591543660,0,0,0,387037022591543660,0.00000124205288956094131075811964801276547910051,108331853027505
0xc9bd7c3ea89a185daca330d8b54d5cbb2692b22e,376638354964615521,0,0,0,376638354964615521,0.00000120868219265156480335359698893866234140994,105421260843069
0x0a1266b6a775c15466a40cec280905153eac9461,373303462160007306,0,0,0,373303462160007306,0.00000119798008147727807302325298745704998407160,104487822706448
0x036e02b89a4edbaa2a484e20743bc70e262d81fc,356045346610368037,0,0,0,356045346610368037,0.00000114259651082226133708477038480862682201646,99657267673917
0x9d34151abe8d1594e74f463d350840119ab0689b,308685956917424225,0,0,0,308685956917424225,9.90613978448241522298831944653949488040984E-7,86401351200255
0x8c7bcc1cab9d95dfafeb4296b80ff90472f8c16b,305394380774312582,0,0,0,305394380774312582,9.80050876157956903262789232281568308006898E-7,85480037418497
0xf6c3ebe4a0340c8611f56b4ddc310be725a13456,299779725806409826,0,0,0,299779725806409826,9.62032707301457230406841583735378332288781E-7,83908492730833
0xba28d8cb6b51e344ade9b7d28e051760464dd2d1,296686899988133753,0,0,0,296686899988133753,9.52107421036136495601943067307115752549362E-7,83042809262771
0xdef0cf8de52b867e1092fb7b94dc9ba68b4c1a4a,237455752814400050,0,0,0,237455752814400050,7.62026851982191127688003134132310473469207E-7,66463982029886
0x39041f1b366fe33f9a5a79de5120f2aee2577ebc,234194405378130894,0,0,0,234194405378130894,7.51560757601976716774225812765399257063311E-7,65551129278044
0xc0bf08682e29796f27652a26abd98650e374c97d,211392576408651711,0,0,0,211392576408651711,6.78386678881594412993093629745926260127835E-7,59168886132052
0x8dd64ea50957ddc5e9f8d592174b4a689b398f6b,208674810698132606,0,0,0,208674810698132606,6.69665010005326934925941043480537181396863E-7,58408182172664
0xd6965ed57661b2cb59929ed5a42750ac5ca1dd7d,187739129541370428,0,0,0,187739129541370428,6.02479645924213430147201646237546261592757E-7,52548274717509
0x6ee6c1fe7d2d868d07fa4686af94571852f6cfba,177858132642864644,0,0,0,177858132642864644,5.70770222708430471051620593474027513318957E-7,49782578824629
0xeadba01a8bdc4d88c00c84ebaaeb6898197f7803,162749582689478396,0,0,0,162749582689478396,5.22284891767665780187586679350767845679537E-7,45553688259975
0x5ca887615098c6b7409f18502f57538205c768d9,126407959472771596,0,0,0,126407959472771596,4.05659826223789066376374833568961729783646E-7,35381650043238
0x2c339b8ad2147c2f63cff0f5b6e144810c2b1119,118537109561233306,0,0,0,118537109561233306,3.80401230003541562662915726755832562468997E-7,33178595280908
0x16bc53008af796f1f62465a98e6ea81672fee4bf,59651032480355935,0,0,0,59651032480355935,1.91428036422525005555304458613458431640265E-7,16696353336772
0xa3ca65e18ace9ecce4ec4ada164a86599a8db711,56549881885496180,0,0,0,56549881885496180,1.81476034850380449077167327212021705383195E-7,15828339759650
0x5f92847e998063bd252c25d2d8c2c2e60e98e955,41973244649296675,0,0,0,41973244649296675,1.34697682024919295843628138614243886159976E-7,11748331826213
0x9f6e73b0a98679458680d381e7f4948cfd72fb34,16114759189540359,0,0,0,16114759189540359,5.17143891866654982846443092694447415552358E-8,4510529024860
0xbffadf2903e6ec32dc0a7b5a2b57de0e728ec0b5,8052827898547913,0,0,0,8052827898547913,2.58425875993883066588883189209206555315136E-8,2253990490418
0xc835bc8ad9857f801b4633e5a1aa53bf5b568ead,2699287052574801,0,0,0,2699287052574801,8.66236842397159351399006768095375506637415E-9,755531773938
0x00000000a991c429ee2ec6df19d40fe0c80088b8,239619611488408,0,0,0,239619611488408,7.68970960069466918358948756375181460248750E-10,67069647137
0x3bdd7cea539fec6e77405a6142df3d41629a9ae9,200000000000000,0,0,0,200000000000000,6.41826397508091424610725349870304001830195E-10,55980098390
0x00000000003b3cc22af3ae1eac0440bcee416b40,118762161865731,0,0,0,118762161865731,3.81123452552774807567079117238731204264350E-10,33241587531
0xd6ccb9d49a2ecd78efc35d6c733214029a1c74cb,3687081472432,0,0,205783131051410559936,205783134738492032368,0.000660385240185642622190510396975423339528689,57598800648991749
0x4351017766a157d3954848a86fcef5a90b359063,352051048043,0,0,0,352051048043,1.12977827952193354803433391360134188983669E-12,98539261
0x74f8d6c1794911304009a7b24cd1cfeaa44c8c94,322013303014,0,0,0,322013303014,1.03338319111578529214994219541058684070822E-12,90131681
0x95936a7eab22cc9ca9165f31d6577505d73bb397,15109,0,0,0,15109,4.84867751997487666722172465559521158182621E-20,4
0x73e6e89c42fd2ec85f9ba84dfa33169493e3ad6b,12184,0,0,0,12184,3.91000641361929295872853883140989197914955E-20,3
0x048d5708bc22fbfc9e3ce75e6453ee5ec53ee071,11661,0,0,0,11661,3.74216881067092705119283415241880748267095E-20,3
0x7b424633e09d2e6c95a2f2b8a6760326ecd79299,5398,0,0,0,5398,1.73228944687433875502434771929995050093970E-20,1
0x32d8bd3caaee7efbb387647762390ff417750fc3,5331,0,0,0,5331,1.71078826255781769229988842007929531687838E-20,1
0x0251518b2aabebce4082c2ad3d73d6c4c44f3c45,1456,0,0,0,1456,4.67249617385890557116608054705581313332382E-21,0
0x4632105acee0f4e11a1c5672da9c839dfd5857c9,1216,0,0,0,1216,3.90230449684919586163321012721144833112758E-21,0
0x58b22465b7041b5f98f81f4ab2597abb0b1efa39,755,0,0,0,755,2.42289465059304512790548819576039760690898E-21,0
0x30713d4634e5f6002a234f016323479f79a52503,169,0,0,0,169,5.42343305894337253796062920640406881546514E-22,0
0x71e759c4124b9a1df7611537e27d8552f72c4e9b,40,0,0,0,40,1.28365279501618284922145069974060800366039E-22,0
0xfb3cee83a0a97c8d7999ebd59496a4fde4f40033,1,0,0,0,1,3.20913198754045712305362674935152000915097E-24,0
0xe8c060f8052e07423f71d445277c61ac5138a2e5,1,0,0,0,1,3.20913198754045712305362674935152000915097E-24,0
0x8a45f5a1e94ddb71b1a316677c28683d111b49c8,1,0,0,0,1,3.20913198754045712305362674935152000915097E-24,0
0x1111111254eeb25477b68fb85ed929f73a960582,1,0,0,0,1,3.20913198754045712305362674935152000915097E-24,0
0x000000000005af2ddc1a93a03e9b7014064d3b8d,1,0,0,0,1,3.20913198754045712305362674935152000915097E-24,0
0xa7a5d807011628d0a1b8f7a44ee98e4943f392ee,0,4516737529564900000000,0,0,4516737529564900000000,0.0144948068854511817532732912471672805892353,1264237056549052072
0xdc6b5549763d893b01a41acf0d7d77ccb44f3417,0,2679497194098682441539,0,0,2679497194098682441539,0.00859886015610698280245090162285381483500969,749992582815651040
0xbe8fe12b9eb1ca2a593e6c070c71c294b6fe9f00,0,2102384728897452707061,0,0,2102384728897452707061,0.00674683008362138752718099217119079688770483,588458519893457420
0xcfcce00225c99fb2e533ebc3e732ee4ddd21c56b,0,2000000000000000000000,0,0,2000000000000000000000,0.00641826397508091424610725349870304001830195,559800983906557340
0xdc6ce98a9020905973c9c026c6f3e34df9998d8a,0,1013461966243072917873,1501877518018906080193,0,2515339484261978998066,0.00807205639846863303178323416477967168061613,704044759074434173
0x9fed225115a1374c7f0faef307d471c80fff1893,0,500000000000000000000,1753333994090733266675,0,2253333994090733266675,0.00723124619904887151409695931279892549836590,630709293481042573
0x7e3b9e461d1ccd4d0ec4cf09fc1de9d6d4e335ac,0,196349142023421978192,0,0,196349142023421978192,0.000630110312393487665826790234677293116362445,54958221446959994
0xa742a54e0b9cd1cac03c8f569ba4c606694261f9,0,120386834870727708494,0,0,120386834870727708494,0.000386337242662403221723072526445885246328168,33696334305014808
0x22be1f5e8544e71a390ced1b6a82b477b1127ce5,0,109073428800491213993,0,0,109073428800491213993,0.000350031029354372907668506370019628928238585,30529706380288405
0x2024f13b2fdb7957feb422af38edd5218e79ce05,0,50000000000000000000,5488276883229928680820,0,5538276883229928680820,0.0177730615018290291963330293779274513161878,1550166424189527926
0x3e541de9da4dcc73c7cfd225d4da6f232d758393,0,35389785624600151889,0,0,35389785624600151889,0.000113570493080103783236204368721586413684324,9905618406446651
0xc07ef9fda2d42a7757172f6a7cda2a63599591ed,0,35000000000000000000,0,0,35000000000000000000,0.000112319619563915999306876936227303200320284,9796517218364753
0x6d98f705bdf4ee437b15d0de31a5a1a5e55ea14d,0,16237463632999537733,0,0,16237463632999537733,0.0000521081639411836981759625858868584098509842,4544874058950042
0x7ab1daa0c03886af6f2c2b62afc434b8119843b9,0,10000000000000000000,0,0,10000000000000000000,0.0000320913198754045712305362674935152000915097,2799004919532786
0xad30f7eebd9bd5150a256f47da41d4403033cdf0,0,6799322063644390000,0,0,6799322063644390000,0.0000218199219280308037833352254545572874818208,1903133590562846
0xec5c16f3eaf86a801a3e89201dd39bddd1786cbf,0,4645051218822889222,0,0,4645051218822889222,0.0000149065824500883213082395052669066159087104,1300152121296703
0xe5d45fa1b783aa011914486d01f07f724395cc22,0,4000000000000000000,0,0,4000000000000000000,0.0000128365279501618284922145069974060800366039,1119601967813114
0x355406f69200eca09000cd31033c41e77ad8c49e,0,4000000000000000000,0,0,4000000000000000000,0.0000128365279501618284922145069974060800366039,1119601967813114
0xfc11d5abe8d1f20317dbc4e23129ede5ef739e8f,0,3000000000000000000,0,0,3000000000000000000,0.00000962739596262137136916088024805456002745292,839701475859836
0xa745ff5161b572c3177f6c28694ad061a68efb93,0,1000000000000000000,2000000000000000000,0,3000000000000000000,0.00000962739596262137136916088024805456002745292,839701475859836
0x6e09647dd1fb26d8161c06519d5a5e5a323f8e04,0,65954626947479466,0,0,65954626947479466,2.11657103063454171298388898543821806573963E-7,18460732529194
0x79939118ef2af99e20310ecc5ccc0e9697d390fc,0,2214751782643848,0,0,2214751782643848,7.10743079014462242229156136245297775999225E-9,619910113516
0xf3dd72ac3c9833574491861793e8ffe1f07c8905,0,341563219888733,0,685899764031157246316,685900105594377135049,0.00220114396912029290919888057679145577385480,191983776986671947
0x4cc408d5428dd610630ad0e198d8e6d8acfed4e6,0,10,0,0,10,3.20913198754045712305362674935152000915097E-23,0
0x00ba3ca0b6df1486c912893d9f288311a60ed753,0,0,813482854794668535176,2071428961527421773030,2884911816322090308206,0.00925806279099265984327941299751634111952479,807488236630379791
0x0252d89c8781b88858d5a2dbb8b9cf613f84917d,0,0,344963303224505163362,0,344963303224505163362,0.00110703277090537763641144660458076446007705,96555398278367037
0x037dfd569defbc08ae28001159b4c49f6d006cff,0,0,48154587882136825589,0,48154587882136825589,0.000154534428319393362936912721207664814749508,13478492838017489
0x03c65618d9ca830d9099b66ba6bd52a3b0344f82,0,0,158427694177552621388,0,158427694177552621388,0.000508415381097461150479151041138465627092527,44343989539320561
0x079f4c9456109e34bdd8153086d0b0372d196508,0,0,1000000000000000000000,0,1000000000000000000000,0.00320913198754045712305362674935152000915097,279900491953278670
0x0eb21ed8543789c79bed81d85b13ea31e7ac805b,0,0,39480822236713040590,0,39480822236713040590,0.000126699169534234395899243935382133750376684,11050701566775924
0x0fa36923d4dd8139673905dcddbc747ad95ef353,0,0,1244608189632602812657,0,1244608189632602812657,0.00399411195330480482566156639401558688127108,348366444567245076
0x124c5e21a073fb4694308fbdf72af362451eae12,0,0,24413663288110601521,0,24413663288110601521,0.0000783466677909178663587441534327429971374511,6833396364723856
0x15579f74c1b93b573c0a4d865011ec68f909fd02,0,0,46365762508513761012,0,46365762508513761012,0.000148793851592775576906821746250991259562121,12977799735921885
0x18f23c3b96918518235136920f39cb833b113f00,0,0,2230950032161280998,0,2230950032161280998,0.00000715941311081317842963536502436412727331891,624444011525125
0x1959b5efb8fdd52c688c1d685ad8f3d82ea27b01,0,0,944310776391477617,44070543168479420000,45014853944870897617,0.000144458607708946930585840901201108249225542,12599679764374351
0x198ca1beacf70b82c4e6de21e8cb7b6da6d8477a,0,0,29508171598273728352,902086034387642503060,931594205985916231412,0.00298960876583675737414731940957366677876612,260753676556281978
0x19dd92c9a9c4eb6f0426846c4f8a071a7b79209a,0,0,56371534620361242902,514402698348854295893,570774232969215538795,0.00183168984868537857170815668005678679680734,159759988602338719
0x1a6db538813dbfa63e1f19f8804447187b7d401d,0,0,2031824910296686966548,0,2031824910296686966548,0.00652039431271461805004282645043878437995131,568708791954968986
0x1ca4c34b18ecf1df4ba7e2ae0ec1fc5960c349d9,0,0,1104759060158122920199,0,1104759060158122920199,0.00354531763847856444440894698115703060056606,309222604428100390
0x1e57d972ae6bc70c101996f0d398bb683ee052bf,0,0,40845372166374274983,0,40845372166374274983,0.000131078190362106343992972503754858758991269,11432639763382915
0x2067bed542762d26e2755ce7d8776728f3429f48,0,0,50000000000000000000,50000000000000000000,100000000000000000000,0.000320913198754045712305362674935152000915097,27990049195327867
0x20a1a940fa696513bf938fac130f5272f38c0dc8,0,0,34075447748285270452,0,34075447748285270452,0.000109352609358785704265261589071202940679227,9537734588273289
0x2346b18e56010272035e8ea7cf4c757fc4e3f46a,0,0,196517451852814365415,0,196517451852814365415,0.000630650440850808252684584693123971878436332,55005331451007495
0x2459d93923cc940e3aa1935ead83ef8011534bb1,0,0,4812034282615698868,350830981548176653787,355643015830792352655,0.00114130537824795291963017034407989927571127,99544655090786453
0x27e5e6074e259d98d6468454c32673e0e6f354ce,0,0,39181310388442414364,0,39181310388442414364,0.000125737996481301765333029427297806423214345,10966868053099139
0x2b285e1b49ba0cb6f71d8b0d9cafdfbf9868fda9,0,0,866503962147147241546,0,866503962147147241546,0.00278072558225695565214069982351550127904975,242534885284451671
0x2d81713c58452c92c19b2917e1c770eecf53fe41,0,0,1052936946549092003887,0,1052936946549092003887,0.00337901363603386768836849266186761581525769,294717569334873939
0x3170606add67ee893d23e4aee79c1a4997ce635a,0,0,19274249507796670712,0,19274249507796670712,0.0000618536106313062073119868348132791515426669,5394871919262527
0x3211b0ad2947310c521a1617c09afd10d262a4b4,0,0,3096923566728885615279,0,3096923566728885615279,0.00993843648095755018604728481387655848277368,866830429869117527
0x329c54289ff5d6b7b7dae13592c6b1eda1543ed4,0,0,250604541227549467275,0,250604541227549467275,0.000804223049476230250433027605767391607617224,70144334375316802
0x40aed6e410a780154a4dcf62c37dd8ba54f08ffe,0,0,441160335944751813044,0,441160335944751813044,0.00141574174571439715398581628501433568108575,123480995061209719
0x4188c45b8dfc8998ceee2398e746dec2797b0961,0,0,4210999963908927686116,1000000000000000000000,5210999963908927686116,0.0167227866712523074411115232726806242831495,1458561453466626255
0x420ae7560821a43826a2ead522ac3fa819ce9299,0,0,418765521111695525104,0,418765521111695525104,0.00134387382907859071819008766043539767249447,117212675372234682
0x4281579d99d855f2430c95a13720e53a0fcc0549,0,0,4750000000000000000000,16733352132446270107425,21483352132446270107425,0.0689429125278288166476294021378519554595032,6013200830677229388
0x4282ec9835edad61b9a58fa02b78369d0978c430,0,0,207763188387520252807,0,207763188387520252807,0.000666739493687785289965638106873434075473914,58153018639448632
0x42b23bb838525d458f2b8109219ef45d229067b7,0,0,333990173983488611805,0,333990173983488611805,0.00107181855085461588255294781852047723995964,93484014005539597
0x43079513ebd84afb15be79021c420fe8055bc635,0,0,1024638213775562135074,48642249598486849766,1073280463374048984840,0.00344429866661590461441972400668094039165053,300411729702239200
0x4d04eb67a2d1e01c71fad0366e0c200207a75487,0,0,1801951004715471299231,362419595104556033130,2164370599820027332361,0.00694575092477457566309454978079653848138350,605808395658838489
0x50806f1e52f4c482cc96d03145abf731074fa33f,0,0,3990277466436440498433,0,3990277466436440498433,0.0128053270567030739856395169800503904788386,1116880625885642113
0x50be72f4dac794d00f84786dc414f0107f6f972b,0,0,203254427912360577609,0,203254427912360577609,0.000652270286222792265640263047256421111959662,56891014364351941
0x513aedace44cc9a0724ca276a8ceeee950903576,0,0,103400709670227821465,0,103400709670227821465,0.000331826524937111973510731352038786143759016,28941909505014906
0x52876dafdc67238390477bb2403bdc8021944ddc,0,0,1705842261266394220545,12000000000000000000,1717842261266394220545,0.00551278255017881690768686412630495946443551,480824894026596410
0x542256ef33279c5545aa71f4b3b6298990f30ffc,0,0,46274500000000000000,0,46274500000000000000,0.000148500978157440883140745051012866912663457,12952255314891993
0x56fcfeb7d7afa46c9aa58f08a04fbb11eb27808c,0,0,286386653707397656251,0,286386653707397656251,0.000919052571217081664147570007147345598559902,80159765261553862
0x59ab3cb9ca8b7910ba2d137a138b69bbf85bdf28,0,0,340801621768658161447,0,340801621768658161447,0.00109367738582346508400127714984429449347450,95390541591522624
0x5c2cf283c3bacb15b3137d5e8af30643b33189b0,0,0,176717823655278788892,0,176717823655278788892,0.000567110820660688829400967608846602426841379,49463405778025279
0x5d47e5d242a8f66a6286b0a2353868875f5d6068,0,0,3467353610723588508,109487970824782553609,112955324435506142117,0.000362488544808992988880635271967805460641487,31616250878240368
0x5e03b07ae157ee1ca5bf2f3cbe5bc8dc38f3e965,0,0,70712982212835690000,0,70712982212835690000,0.000226927293153590389683507488062146102280420,19792598508856153
0x66991c98912a882e29e9603b6e1b4c129b34a264,0,0,214628479304886712790,0,214628479304886712790,0.000688771118374476965876164954028791762399538,60074616944621880
0x66d0e180af64fb368679f91765affc99174396ac,0,0,98201111270437710495,0,98201111270437710495,0.000315140327389981354318439949909975095638270,27486539354954173
0x679a51d6f75ea1bdcd8cb2d3f3e6de4663718cad,0,0,65422078323836301,2000000000000000000,2065422078323836301,0.00000662821205932131449243320318866078992090383,578112655814005
0x67e326ed4972650fbc9541b81a57ded004f3e4ee,0,0,312099149915369022924,0,312099149915369022924,0.00100156736527759528304508756848616004952098,87356705599511860
0x68fe88060ac8772d9ec7f40deb535c4873260f8a,0,0,2000000000000000000000,0,2000000000000000000000,0.00641826397508091424610725349870304001830195,559800983906557340
0x71f9ccd68bf1f5f9b571f509e0765a04ca4ffad2,0,0,127069039927433590803,4012435101306158856360,4139504141233592447163,0.0132842151521889116601520718988507574381882,1158649245573916874
0x72b223de2f773c814465c4a8f2ef9faae702cfb3,0,0,3709266477221969006850,0,3709266477221969006850,0.0119035257023645271279236034164392964277826,1038225511760234056
0x73cbc02516f5f4945ce2f2facf002b2c6aa359e7,0,0,291153351892587905053,0,291153351892587905053,0.000934349534838126737246189502325340257985332,81493966428581414
0x74c4623d7609f3eb2665ad32ff96b44856b6051b,0,0,91297999165881600000,0,91297999165881600000,0.000292987329521672615584483984212200815429175,25554354880880285
0x76e0266c3c4d2766722a13db031714cb208c922d,0,0,14286405195931130338,0,14286405195931130338,0.0000458469599012267820677132450851899494071304,3998771842584999
0x775797e5cba871ddf85496d96b201ffdecf83ea7,0,0,51255159540136976015,0,51255159540136976015,0.000164484572006742996157905372481618000033959,14346344370428124
0x7917d37a540c6d26ffeebd2da51875ecb2568ea8,0,0,107439786196512857852,0,107439786196512857852,0.000344788454617737077738901410195941174126279,30072449011759027
0x8061199a31983a077e691c08b2263a4cf5c24093,0,0,258046914457658421422,0,258046914457658421422,0.000828106607472187690305917618475009661930870,72227458303724210
0x80fdc30d21a672eef723b809ed4ba7c91728d421,0,0,819433250301409689003,0,819433250301409689003,0.00262966945519649976116363174384810117375190,229359769882238709
0x81afcf6dd79897cba488471ecec2f41bf3f7ca9b,0,0,14132959749199548630,0,14132959749199548630,0.0000453545332097780279207801221055338367756633,3955822386556839
0x8243a0cedd065228d3febff9733c9921832f398b,0,0,90345921997744398007,0,90345921997744398007,0.000289931988226796586576851057859135170586478,25287868013141198
0x827e0f89ac23fefb2ed69fb5bfabef9429888245,0,0,1140006601874663274101,0,1140006601874663274101,0.00365843165208328076608298953669919749940588,319088408694703748
0x8410373df6e9b20765c9599c26d585b2cd0ef628,0,0,3619410380251958511557,0,3619410380251958511557,0.0116151656273025293000958845992925199763560,1013074746013326605
0x8413d8e665078d31beb3dc13f9d1f004a3cbd25c,0,0,1096685047320221451048,0,1096685047320221451048,0.00351940706561264253605230887168248879115351,306962684262734681
0x887c3599c4826f7b3cde82003b894430f27d5b92,0,0,262311914811497068824,0,262311914811497068824,0.000841793556534562661741548601735065455671007,73421234000944555
0x91b26b4b49525fdffff2b099190149a52a36c3ca,0,0,303764468285200163868,0,303764468285200163868,0.000974820271852254555181774370761856010037862,85023824110953642
0x91be5daa3e9cacea49e4695b9cc2f7de899b4707,0,0,113046697236028693632,0,113046697236028693632,0.000362781772185941062343172853387492821293097,31641826170057779
0x95adaec801b3e8cb7aa90c6922e23dc987ca2bbf,0,0,85931352716962065385,0,85931352716962065385,0.000275765052736624533162104740266704569971345,24052227899688391
0x964ca78fa3ab137e5ba050dd2c3531b629374a39,0,0,100462610954022650404,0,100462610954022650404,0.000322397778364386407424661722919011268827419,28119534228941782
0x999e3f0cb4d829b432ba63b0e50119bcfaf9e1b7,0,0,11332736961235881159,0,11332736961235881159,0.0000363682486886841036938705776330499486860267,3172038650627027
0x9ade42f4ac329ea6c37313c00366e6cccba7b5ae,0,0,203818030119093732841,0,203818030119093732841,0.000654078960092668023695908329700094671974134,57048766899282505
0xa0bb038a8981fc526fecf3fcea8701312d932e86,0,0,2330354801717005959063,0,2330354801717005959063,0.00747841613650854319692886370184183374457175,652267455426275137
0xa6d1feda6fc70680816ef6a23faf5e454e2f9c09,0,0,153226375000000000000,0,153226375000000000000,0.000491723661347369410808436157406167011742170,42888137742717560
0xab4382aadae5bf4b37b90b9dc07fc72d52e2a28a,0,0,91856805927117914445,0,91856805927117914445,0.000294780614174009955030444329845389611686425,25710765168257148
0xac9283ebcd0c41faa7a5399ad94acc444954b446,0,0,1000000000000000398187,0,1000000000000000398187,0.00320913198754045840088826547212352046650545,279900491953278781
0xad1a787a26dd30b7a810417bbe96e32f12564d83,0,0,500000000000000000000,0,500000000000000000000,0.00160456599377022856152681337467576000457549,139950245976639335
0xae8a85b6474543ae965930f0264421ab64fd03f7,0,0,100006378097412480974,0,100006378097412480974,0.000320933666910471754020233095521283557412618,27991834427931346
0xaefefcb0cb43fad6a308a17c179decd76d41873c,0,0,1000000000000000000000,0,1000000000000000000000,0.00320913198754045712305362674935152000915097,279900491953278670
0xb0331b22161ca290a15f825a29c008dcb5e1ff68,0,0,4471976894927478917,303013655221173802420,307485632116101281337,0.000986761977732877919784046782029692467939082,86065379697861612
0xb6c9e6a2415ab8d26335498beac8eebed4bb2259,0,0,91187876075962784859,0,91187876075962784859,0.000292633929991247351874001670367186224886655,25523531373836594
0xb6fca91d1c166564cc9888f96b3b553f42c96349,0,0,12869168402045949627,393419736326446407095,406288904728492356722,0.00130383472034698210481975469511364028307645,113720464308663779
0xbe8b1778aedfd6600bb8c72a90e9ebcd9aa06822,0,0,277524429306675794117,0,277524429306675794117,0.000890612523411963578179676737870566882155989,77679224291991463
0xc15c75955f49ec15a94e041624c227211810822d,0,0,803104048863906784113,0,803104048863906784113,0.00257726689253241757444503806114450969377585,224789218366677460
0xc3598d91844b061195136600ad243b077cc164e2,0,0,6524767083848906004337,0,6524767083848906004337,0.0209388387600305921802062089824030139636927,1826285516649868249
0xc43d49a247923f1c7837c806a1eeaa1891387f75,0,0,850066299999999900000,0,850066299999999900000,0.00272797495486016216598964243835656170819226,237933975562903344
0xc4d6fdea25346267441622feb0e2618544cef228,0,0,565288216268087706601,0,565288216268087706601,0.00181408449700560806963510719429342114403037,158224449828829135
0xc9b7f801541f88ae2f62c4c0eed29949d057c951,0,0,308690933210382946974,0,308690933210382946974,0.000990629948029154729329211069890189605960191,86402744067102875
0xc9c03900134fa324422519852094792298c71825,0,0,47496167558187771066,0,47496167558187771066,0.000152421470596561701954704851058913734866516,13294200665432111
0xcf4b7136d45dedb13448ad189c2b7a041c84cce2,0,0,6727257942900529454906,0,6727257942900529454906,0.0215886586529977031068341980781242037941327,1882962807714459664
0xcff7303b8e08403438c751bf21c04771252fa413,0,0,294444552594710336277,0,294444552594710336277,0.000944911432288723442940196629981546932824779,82415175124222458
0xd18a54f89603fe4301b29ef6a8ab11b9ba24f139,0,0,10744005000000000000,0,10744005000000000000,0.0000344789301197946090323737810631664777359181,3007252285048485
0xd27d90b337717fd91c4d409f712b890d4ee2fdd6,0,0,470000000000000000000,1041409351465488046164,1511409351465488046164,0.00485031209605567496536041052154726976484415,423044221017975970
0xd2f96f8d1884cfd7f3e10611a86d9e932a235ed3,0,0,372959985154899779449,0,372959985154899779449,0.00119687781843320291259997161095938949921426,104391683323743958
0xd384cc029b537503895fe252f94fba87a05d677e,0,0,434197754194460256,47072729521391120152,47506927275585580408,0.000152455999949839907483754163705061563443208,13297212315625036
0xd781f65cd90ee9418c70d1d244192c349bf1176c,0,0,50000000000000000000,50000000000000000000,100000000000000000000,0.000320913198754045712305362674935152000915097,27990049195327867
0xd84409d9593413ca38a3b2b9a2ba776e7c1ebca1,0,0,41686679738629315192,0,41686679738629315192,0.000133778057403589997919749759281769074549040,11668122166741119
0xdb8d484c46ce6b0bd00f38a51b299eb129928ac0,0,0,42069926086872771969,0,42069926086872771969,0.000135007945518846144545064852189898484327354,11775393008153760
0xdccc5094404422cd48cd7afa95b618fe0cd3d0fe,0,0,2985935289458464879,194419717538153385185,197405652827611850064,0.000633500795010395476062364536079056323713224,55253939340806693
0xe26edca05417a65819295c49fc67272ab247d791,0,0,527872578391592655038,0,527872578391592655038,0.00169401277666191749621312272468671547228273,147751794380452444
0xe89dee662c94ffee76d0942f4a4bad27cc076dd2,0,0,5230147240755659760,0,5230147240755659760,0.0000167842328098554481179904111350080182222103,1463920785675592
0xefe7a2bbe01adc090ab28ed422a359b553aabc16,0,0,178500165046866581852,0,178500165046866581852,0.000572830589433150587608433956526749198868190,49962284010359394
0xf5288cd6b213476a2e1ccf9506050043f7ba30c7,0,0,26188767871875391709195,0,26188767871875391709195,0.0840432126919071433524853018286047840584250,7330249010988141043
0xf677e155f96c448102d448f64b23acef8e74e4ea,0,0,29958871295082561636,0,29958871295082561636,0.0000961419721836570497420608529230585734069310,8385502813858567
0xfb1d7f6c700a053683f80447b387a891d5f76aac,0,0,145394365286561067019,0,145394365286561067019,0.000466589708449244961770506528782244678367232,40695954370943145
0xfb8aa192da69dd3de22a9354ea99538315446c0d,0,0,178463888858411279870,0,178463888858411279870,0.000572714174356392632173805354595395560098984,49952130287364565
0xfb9e5f5874565a6ef8fcf1debc4975501331a8ca,0,0,28314060414545162138,848481191235811116961,876795251650356279099,0.00281375168859474311441693267543268713900048,245415422279233494
0x00c67d9d6d3d13b42a87424e145826c467cccd84,0,0,0,231266026932522354597,231266026932522354597,0.000742163204660550350305782786397512696581492,64731474710493201
0x14b30b46ec4fa1a993806bd5dda4195c5a82353e,0,0,0,75037658912123231812,75037658912123231812,0.000240805751485044922550030627856980881032908,21003077644525618
0x16765c8fe6eb838cb8f64e425b6dccab38d4f102,0,0,0,3150556407925434996277,3150556407925434996277,0.0101105513472240744096872957078160256616768,881842288504883770
0x1754352eacb753327fec2d4f48f0fb36b672c5e0,0,0,0,3255229734100161070178,3255229734100161070178,0.0104464618664936436491307670185432074423834,911140403995575599
0x17e33637f6b64e9082ea499481b6e6ebae7eea23,0,0,0,2138507541506406870325,2138507541506406870325,0.00686275295704471208650755553689298292866155,598569312913439788
0x19a61e7238270ca99f931c08d7bcff1984f38ae4,0,0,0,442766756688027321357,442766756688027321357,0.00142089696190709110440007334288709496274128,123930633017536486
0x1a1087bf077f74fb21fd838a8a25cf9fe0818450,0,0,0,1199509443597529189347,1199509443597529189347,0.00384938412480568669866201453034858779412837,335743283365551993
0x1b50afed405c9930eae5fb3803418b03f9615b1c,0,0,0,558373125855414993527,558373125855414993527,0.00179189305916556572607717188518653911928006,156288912620420642
0x1de4f046c45cd4e39cfcdf36b7df4856b4031955,0,0,0,3135761155595599680257,3135761155595599680257,0.0100630714297086674230962249128277760802789,877701090099189972
0x1ec289bd5f002b7969887b8e18a1625052a67d0d,0,0,0,422434047188771902644,422434047188771902644,0.00135564661345966282984525393880035277978682,118239497625951792
0x21210e9f52300880e61d0fd0d08d1b882a6369f9,0,0,0,1000000000000000000000,1000000000000000000000,0.00320913198754045712305362674935152000915097,279900491953278670
0x2437db820de92d8dd64b524954fa0d160767c471,0,0,0,234696692382981936160,234696692382981936160,0.000753172662896170084929756401994056235296155,65691719657803954
0x2b614ecc9e91af9d056eb8acccf5d9928a7cf4f7,0,0,0,16606600914370800000,16606600914370800000,0.0000532927741986259380126601699480240858899154,4648195765604154
0x305308cc98560e63e933a6bd70392617c9829bf8,0,0,0,63625987462774524557,63625987462774524557,0.000204184191605637816660162948780678233478167,17808945191843730
0x3070f20f86fda706ac380f5060d256028a46ec29,0,0,0,69556807633788170000,69556807633788170000,0.000223216976328787870471745487438303961767701,19468984675396878
0x343e3391e48d3a33f731d35a5179a26fd2b5f693,0,0,0,131999937715346480849,131999937715346480849,0.000423605222475666399061302896525102275917149,36946847504327623
0x424d88632af00112b88475f1f40584d7ae6f5c7e,0,0,0,579938287185714000000,579938287185714000000,0.00186109850820709878507475696030708011308231,162325011885823156
0x42556f667dfc74704914f98d1e0c0ac4ea2f492e,0,0,0,683193523491858500430,683193523491858500430,0.00219245818991819585400304646131837175586582,191226203324665042
0x461f635488972409981edbd043834dbaa7239fa6,0,0,0,5000000000000000000000,5000000000000000000000,0.0160456599377022856152681337467576000457549,1399502459766393351
0x477c8ece9393713d258169aa50cdaf27e422214d,0,0,0,429942705161772016221,429942705161772016221,0.00137974288794431818436591894428093580814497,120341174686503432
0x4796e4afd565e43b7267f1688ec09b6a246cb5fc,0,0,0,785247388259361922240,785247388259361922240,0.00251996251179571914121421967805870063333083,219791130278822623
0x4929f4d38f2955649b5aa34343da04cf790b9d92,0,0,0,897688649406830284527,897688649406830284527,0.00288080135966344986721221814147117844462914,251263494589846097
0x4f38f2da7720f1077a45b80e88c0a78c0144c136,0,0,0,69202496493264175282,69202496493264175282,0.000222079945114190377101519195319821154005122,19369812812859684
0x519a0df0bd2b586b6f7126799c30a243e13abcbe,0,0,0,4161278192283241786818,4161278192283241786818,0.0133540909559106802221598762271825552970532,1164743813174529528
0x56446712b219fcc34a5604f5e7af5d50d65b6647,0,0,0,6489990493108621317957,6489990493108621317957,0.0208272360902683413274767800880261922403924,1816551531793204730
0x58e603d9824976f7a3940c6b408f0ffa523a216c,0,0,0,194629688256154106839,194629688256154106839,0.000624592358307851395234195652228317817986629,54476945491610798
0x5b0d3243c78fb9d4ac035fb2384ffdf7a9ef6396,0,0,0,678375887822181476370,678375887822181476370,0.00217699776118631942461917767719517766447080,189877744730670780
0x5c7a20b1efa9a2ab5f448b651aa264f233076c4c,0,0,0,2583530677058581726023,2583530677058581726023,0.00829089093654074924687794913186834815958787,723131507485084149
0x62661b101ca48734668669a9f1cb83c4889049f3,0,0,0,14766918824579050568,14766918824579050568,0.0000473889915573699594521577558265527390798161,4133267843633807
0x64b7fcc8c17540139bdd84d00c7261035602cb66,0,0,0,1975278734052104775571,1975278734052104775571,0.00633893016975502902179516274624706331662397,552881489406033631
0x65b0f840ea292fc284c23fc839e65b3951d46195,0,0,0,33768264306859785873,33768264306859785873,0.000108366817150864421346814930934337472672365,9451753791898394
0x67017bebe2a4b8645b28f83d5d472618b35a1230,0,0,0,264960366398672433235,264960366398672433235,0.000850292787240419417176621725387546193836419,74162536903109381
0x784f0d732af31c7d70f2e37761d388ce172c7482,0,0,0,360336667515253065232,360336667515253065232,0.00115636792600692894069183369038722052599907,100858410506324342
0x7b79c37bb80cc76fe6b758c7140228fecc7e2a2e,0,0,0,8235155235282511791,8235155235282511791,0.0000264277000879063678765635577374507903405717,2305024001667193
0x7bdb45b1fe5b3eb17a4c7a16c9750c7e10ccf08d,0,0,0,4076360000000000000000,4076360000000000000000,0.0130815772687304177981308819359865621045027,1140975169378667040
0x7ccf173012bfe53f16f4d6a2a4aea32abafcd04c,0,0,0,3077125222744984139217,3077125222744984139217,0.00987490098197848279012944034778423673459178,861288863648163268
0x7cfed2a2d4a98680dac6aa55120f5af2ec562ebd,0,0,0,1682231428874669197313,1682231428874669197313,0.00539850268884759029350075819607501455527341,470857404521286825
0x7d0a2547b23e5f91f448bd9d2ae994748af2c1e3,0,0,0,102408030364454547840,102408030364454547840,0.000328640886023585506749327314245809718649770,28664058078977127
0x7dd508a1e4da1243789b799a480f8b45e58b1b5b,0,0,0,30270662897691907146,30270662897691907146,0.0000971425525890372030758752078304291812406525,8472773436815824
0x7ecf3a3ea7cfd250da7fc33d85bb2157706f247c,0,0,0,28771138617769975230,28771138617769975230,0.0000923303812562461609231277421378000516015978,8053055853169790
0x89d2d4934ee4f1f579056418e6aeb136ee919d65,0,0,0,18639955655683698252065,18639955655683698252065,0.0598180779409902112226757706883369762012099,5217332758013166222
0x8bfd3c3fc34f068c66796880756cc93ffdc6d080,0,0,0,63505657496474496669,63505657496474496669,0.000203798036861724731938386442392567738809069,17775264775079631
0x8e2540edfa7410b6f32f54d4cbf715acfe2f2e5b,0,0,0,1034895620730804419852,1034895620730804419852,0.00332111664025276148982899880821081256905709,289667793362845857
0x8e851e94e1667cd76dda1a49f258934e2bcdcf3e,0,0,0,2469592235516781422951,2469592235516781422951,0.00792524743917844945440240434351946203785749,691240081645144361
0x8f9f865aafd6487c7ac45a22bbb9278f8fc06d47,0,0,0,711869386244504491085,711869386244504491085,0.00228448281834803204578568574885453267659475,199252591416315355
0x955a44e6bac7c2424bb52b81870c01d28fce0038,0,0,0,157398188473439885058,157398188473439885058,0.000505111561411037607177438985639545834669124,44055830386270700
0x976dca1615502419b7003a1853e022b023d47cf4,0,0,0,15034682489753235755,15034682489753235755,0.0000482482805003815098425593671105457164371512,4208215025243275
0x9a456152e0da127c30a49357a461f4c3f80bd630,0,0,0,1299172402990094629450,1299172402990094629450,0.00416921571576531409879560075089985982151753,363638994729050695
0x9bb98140f36553db71fe4a570ac0b1401bc61b4f,0,0,0,134002058574713044,134002058574713044,4.30030292568381625907091415118586251014046E-7,37507242117814
0xa1e91a4cf28f8c098c7bab3093734ad38b89f278,0,0,0,153272016948061091191,153272016948061091191,0.000491870132382865918695537844325804102467136,42900912946433565
0xa30c7b2e676be6b0c26d631c8161b62ebebc3cd2,0,0,0,36884180432238706055208,36884180432238706055208,0.118366203259311035663857186961212298887358,10323900248277108530
0xa483c9954e8c6b43cbb6dbdecae14f98d81789e0,0,0,0,9500055015622193950,9500055015622193950,0.0000304869304340273397146572267163134277498122,2659070072455864
0xaa1a54bfa93be8ac8d01182827433f227ba59e17,0,0,0,135087439424693176179,135087439424693176179,0.000433513422972716718208806087083001136320714,37811040751680352
0xadc5012f0206031632b09ddb61dbe84e41d66570,0,0,0,23982217146040890687,23982217146040890687,0.0000769621001755010327968187240378379738802451,6712634377307200
0xafba26e1e3a95d5002a4f91395584803c0b2c0db,0,0,0,174371061719217429202,174371061719217429202,0.000559579751864531947020620723192944004609445,48806545957624476
0xb05136face3f8c6f9e6cdb076a38ee6d4910f6d4,0,0,0,1300000000000000000000,1300000000000000000000,0.00417187158380259425996971477415697601189626,363870639539262271
0xb3a7fbc2fa38c18ad4433ae93fe7f215fd2d057f,0,0,0,38699992233938569041,38699992233938569041,0.000124193382995499535367433151233070923590598,10832146864867469
0xb4367abe9d87c508eceb60c422cbbf8e34aa8dc9,0,0,0,40323528853982847830,40323528853982847830,0.000129403526295826947716400015014369916152636,11286575563522026
0xb478d2e5d241683667e15c9c79a2bc0e5af35923,0,0,0,347234826217356819352,347234826217356819352,0.00111432238800217151877654252666708944718029,97191198681549399
0xbd1bff03034ac340235e48ee35c85b1121b8198e,0,0,0,37794434945923217597,37794434945923217597,0.000121287330135979084414805090690104946512393,10578680934460095
0xcab5541bad35e9ee799bea9765c3c416d8cc1bb8,0,0,0,146482854786326741427,146482854786326741427,0.000470082814921044898421364055196522781770444,41000623117413536
0xd3c808920d8fccbebd181aae8d4fb2acd1a433cd,0,0,0,3207793654312846923706,3207793654312846923706,0.0102942332254846524976590745204187767220095,897863021926771390
0xd5a7412e7f78e03e6fb2bd133f6473bfe8a45eb8,0,0,0,1008810429400830636885,1008810429400830636885,0.00323740581835462962357770230435680239818532,282366535476890795
0xd9a0013af48591f8524280d6f8f98189cef45308,0,0,0,2065419832175427000000,2065419832175427000000,0.00662820485113460544147888485936225114600373,578112027115960286
0xe5a3d77d7788a83f3549dd7f08fc2aced7e262d2,0,0,0,1839212617745616588201,1839212617745616588201,0.00590227604349547758230436156656318536856922,514796516513675554
0xe5cd86ff7f825a0ff6f699828d5c9bf163c0e3f9,0,0,0,118844527339026661623,118844527339026661623,0.000381387774227796824596513075741470940653922,33264641668148439
0xe8537cc2abdf20cfb8d0409bfc00e9ff883fa927,0,0,0,5275122423015751431,5275122423015751431,0.0000169285641058917704105618930670590416204476,1476509361315880
0xea9f2e31ad16636f4e1af0012db569900401248a,0,0,0,23814252902080863836937,23814252902080863836937,0.0764230807474458616108361841578583106130006,6665621102792228049
0xeb4135a5fff5cd44c08614f012e103a6429f65b3,0,0,0,175963920387283428194,175963920387283428194,0.000564691445567853631626131661918825995962398,49252387882428193
0xedf4fa418216a13e7629fed73e7448985cc8bc82,0,0,0,103052622309793648134,103052622309793648134,0.000330709466654284143372925329198800121429647,28844479681586662
0xeed8e6512ff83092ffe544bd308e94934a113ea0,0,0,0,448859516199707266654,448859516199707266654,0.00144044943134841459223622642104530091314635,125635999402208720
0xf0754756e71aac7ad2b6497e7006f5e44d68d592,0,0,0,960187111037318410224,960187111037318410224,0.00308136717205391922457822860224675521162865,268756844746542834
0xf8c84c6a4f1083f7a7fd94885b303a3974116d82,0,0,0,3000000000000000000000,3000000000000000000000,0.00962739596262137136916088024805456002745292,839701475859836010
0xfbea6f2b10e8ee770f37fff9b8c9e10d9b65741d,0,0,0,6561001435984477475580,6561001435984477475580,0.0210551195785166594628076739260727719826359,1836427529638223038
0xfdaf56c89caf56dc65192f1a80e2166f9e5a7a43,0,0,0,100000000000000000,100000000000000000,3.20913198754045712305362674935152000915097E-7,27990049195327
0xc0f085803e3c29550becd648d3835e732842a0b2,0,0,0,1927517632736280379670,1927517632736280379670,0.00618565849176225633622328872096917959642231,539513133651503997
